date,amount,category,merchant
2026-08-01,-48,transport,Автобусные линии 1
2026-08-01,-412.50,food,YARCHE KRASNOJARSK RU
2026-08-02,-687.30,food,MAGAZIN KOMANDOR Krasnoyarsk RU
2026-08-03,15000,other,Пополнение СБП от Ирины К.
2026-08-04,-48,transport,Автобусные линии 1
2026-08-04,-48,transport,QR-Транспорт - КрасноярскАвтоТранс
2026-08-04,-141,food,KIRENSKOGO KRASNOYARSK Krasnoyarsk RU
2026-08-05,-214.98,food,YARCHE KRASNOJARSK RU
2026-08-05,-500,other,Внешний перевод по номеру телефона
2026-08-06,-750,entertainment,DYMOK Krasnoyarsk RU
2026-08-07,-48,transport,Автобусные линии 1
2026-08-07,-48,transport,QR-Транспорт - КрасноярскАвтоТранс
2026-08-09,64,other,Кэшбэк за обычные покупки
2026-08-11,-48,transport,Автобусные линии 1
2026-08-11,-326,health,APTEKA TABLETKI TUT Krasnoyarsk RU
2026-08-12,-540.15,food,MAGAZIN KOMANDOR Krasnoyarsk RU
2026-08-13,-349,subscriptions,Sota Virtual
2026-08-13,-48,transport,QR-Транспорт - КрасноярскАвтоТранс
2026-08-13,-48,transport,Автобусные линии 1
2026-08-13,-214.98,food,YARCHE KRASNOJARSK RU
2026-08-14,300,other,Пополнение. Система быстрых платежей
2026-08-15,-187,food,KIRENSKOGO KRASNOYARSK Krasnoyarsk RU
2026-08-18,2000,other,Пополнение. Система быстрых платежей
2026-08-18,-77,other,Внешний перевод по номеру телефона
2026-08-18,-48,transport,Автобусные линии 1
2026-08-18,-2322,other,GoldAppleKrasnoyrsk Krasnoyarsk RU
2026-08-18,-48,transport,QR-Транспорт - КрасноярскАвтоТранс
2026-08-19,-48,transport,Автобусные линии 1
2026-08-19,-4760,health,DOKTOR ZDOROVE KRASNOJARSK RU
2026-08-19,-48,transport,QR-Транспорт - КрасноярскАвтоТранс
2026-08-19,-710,other,EVO_FLORA Krasnoyarsk RU
2026-08-20,-2660,rent,Оплата общежития СФУ
2026-08-21,-790,subscriptions,Оплата услуг mBank.t2
2026-08-21,-48,transport,QR-Транспорт - КрасноярскАвтоТранс
2026-08-22,-532.40,food,YARCHE KRASNOJARSK RU
2026-08-23,-48,transport,Автобусные линии 1
2026-08-24,-812.60,food,MAGAZIN KOMANDOR Krasnoyarsk RU
2026-08-25,3400,other,Стипендия СФУ
2026-08-25,-703,other,Внешний перевод по номеру телефона
2026-08-25,-48,transport,Автобусные линии 1
2026-08-25,-48,transport,KRASAVTOTRANS_TPP Krasnoyarsk RU
2026-08-28,-650,entertainment,DYMOK Krasnoyarsk RU
2026-08-29,-298.70,food,YARCHE KRASNOJARSK RU
2026-08-31,-48,transport,Автобусные линии 1
2026-09-01,-48,transport,Автобусные линии 1
2026-09-01,-55,food,Малина_SBP
2026-09-02,-455.20,food,MAGAZIN KOMANDOR Krasnoyarsk RU
2026-09-03,15000,other,Пополнение СБП от Ирины К.
2026-09-04,-48,transport,Автобусные линии 1
2026-09-04,-750,entertainment,DYMOK Krasnoyarsk RU
2026-09-04,-141,food,KIRENSKOGO KRASNOYARSK Krasnoyarsk RU
2026-09-04,-48,transport,Автобусные линии 1
2026-09-05,500,other,Пополнение. Система быстрых платежей
2026-09-05,-48,transport,QR-Транспорт - КрасноярскАвтоТранс
2026-09-05,-332,food,OOO SOLNECHNYJ BEREG Krasnoyarsk RU
2026-09-05,-48,transport,Автобусные линии 1
2026-09-05,-518.50,health,APTEKA TABLETKI TUT Krasnoyarsk RU
2026-09-05,-24.97,food,YARCHE KRASNOJARSK RU
2026-09-05,-48,transport,QR-Транспорт - КрасноярскАвтоТранс
2026-09-07,-1965,other,Внешний перевод по номеру телефона
2026-09-07,-48,transport,Автобусные линии 1
2026-09-07,-48,transport,QR-Транспорт - КрасноярскАвтоТранс
2026-09-08,-327.98,food,MAGAZIN KOMANDOR Krasnoyarsk RU
2026-09-09,79,other,Кэшбэк за обычные покупки
2026-09-10,-611.20,food,YARCHE KRASNOJARSK RU
2026-09-11,-48,transport,Автобусные линии 1
2026-09-11,-48,transport,QR-Транспорт - КрасноярскАвтоТранс
2026-09-13,-349,subscriptions,Sota Virtual
2026-09-14,-165,food,KIRENSKOGO KRASNOYARSK Krasnoyarsk RU
2026-09-15,-702.45,food,MAGAZIN KOMANDOR Krasnoyarsk RU
2026-09-15,-48,transport,Автобусные линии 1
2026-09-16,-800,entertainment,DYMOK Krasnoyarsk RU
2026-09-18,-48,transport,Автобусные линии 1
2026-09-18,-48,transport,QR-Транспорт - КрасноярскАвтоТранс
2026-09-18,-1290,other,WILDBERRIES
2026-09-20,-2660,rent,Оплата общежития СФУ
2026-09-21,-790,subscriptions,Оплата услуг mBank.t2
2026-09-22,-389.90,food,YARCHE KRASNOJARSK RU
2026-09-22,-48,transport,Автобусные линии 1
2026-09-24,-600,other,Внешний перевод по номеру телефона
2026-09-25,3400,other,Стипендия СФУ
2026-09-25,-48,transport,Автобусные линии 1
2026-09-25,-48,transport,QR-Транспорт - КрасноярскАвтоТранс
2026-09-25,-498,food,MAGAZIN KOMANDOR Krasnoyarsk RU
